"state_district_id","district_name"
10100010000,"ALBANY CITY SD"
10100860829,"BRIGHTER CHOICE CS-BOYS"
10100860830,"BRIGHTER CHOICE CS-GIRLS"
10100860867,"KIPP TECH VALLEY CHARTER SCHOOL"
10100860892,"HENRY JOHNSON CHARTER SCHOOL"
10100860899,"ALBANY COMMUNITY CHARTER SCHOOL"
10100860907,"GREEN TECH HIGH CHARTER SCHOOL"
10100860960,"ALBANY LEADERSHIP CS-GIRLS"
10201040000,"BERNE-KNOX-WESTERLO CSD"
10306060000,"BETHLEHEM CSD"
10402060000,"RAVENA-COEYMANS-SELKIRK CSD"
10500010000,"COHOES CITY SD"
10601060000,"SOUTH COLONIE CSD"
10615020000,"MENANDS UFSD"
10623060000,"NORTH COLONIE CSD"
10701030000,"GREEN ISLAND UFSD"
10802060000,"GUILDERLAND CSD"
11003060000,"VOORHEESVILLE CSD"
11200010000,"WATERVLIET CITY SD"
1.9e+10,"CAPITAL REGION BOCES"
20101040000,"ALFRED-ALMOND CSD"
20601040000,"ANDOVER CSD"
20702040000,"GENESEE VALLEY CSD"
20801040000,"BELFAST CSD"
21102040000,"CANASERAGA CSD"
21601040000,"FRIENDSHIP CSD"
22001040000,"FILLMORE CSD"
22101040000,"WHITESVILLE CSD"
22302040000,"CUBA-RUSHFORD CSD"
22401040000,"SCIO CSD"
22601060000,"WELLSVILLE CSD"
22902040000,"BOLIVAR-RICHBURG CSD"
30101060000,"CHENANGO FORKS CSD"
30200010000,"BINGHAMTON CITY SD"
30501040000,"HARPURSVILLE CSD"
30601060000,"SUSQUEHANNA VALLEY CSD"
30701060000,"CHENANGO VALLEY CSD"
31101060000,"MAINE-ENDWELL CSD"
31301040000,"DEPOSIT CSD"
31401060000,"WHITNEY POINT CSD"
31501060000,"UNION-ENDICOTT CSD"
31502060000,"JOHNSON CITY CSD"
31601060000,"VESTAL CSD"
31701060000,"WINDSOR CSD"
3.9e+10,"BROOME-DELAWARE-TIOGA BOCES"
40204040000,"WEST VALLEY CSD"
40302060000,"ALLEGANY-LIMESTONE CSD"
40901040000,"ELLICOTTVILLE CSD"
41101040000,"FRANKLINVILLE CSD"
41401040000,"HINSDALE CSD"
42302040000,"CATTARAUGUS-LITTLE VALLEY CSD"
42400010000,"OLEAN CITY SD"
42801060000,"GOWANDA CSD"
42901040000,"PORTVILLE CSD"
43001040000,"RANDOLPH CSD"
43011020000,"RANDOLPH ACAD UFSD"
43200050000,"SALAMANCA CITY SD"
43501060000,"YORKSHIRE-PIONEER CSD"
4.9e+10,"CATTAR-ALLEGANY-ERIE-WYOMING BOCES"
50100010000,"AUBURN CITY SD"
50301040000,"WEEDSPORT CSD"
50401040000,"CATO-MERIDIAN CSD"
50701040000,"SOUTHERN CAYUGA CSD"
51101040000,"PORT BYRON CSD"
51301040000,"MORAVIA CSD"
51901040000,"UNION SPRINGS CSD"
5.9e+10,"CAYUGA-ONONDAGA BOCES"
60201060000,"SOUTHWESTERN CSD AT JAMESTOWN"
60301040000,"FREWSBURG CSD"
60401040000,"CASSADAGA VALLEY CSD"
60503040000,"CHAUTAUQUA LAKE CSD"
60601040000,"PINE VALLEY CSD (SOUTH DAYTON)"
60701040000,"CLYMER CSD"
60800010000,"DUNKIRK CITY SD"
61001040000,"BEMUS POINT CSD"
61101040000,"FALCONER CSD"
61501040000,"SILVER CREEK CSD"
61503040000,"FORESTVILLE CSD"
61601040000,"PANAMA CSD"
61700010000,"JAMESTOWN CITY SD"
62201060000,"FREDONIA CSD"
62301040000,"BROCTON CSD"
62401040000,"RIPLEY CSD"
62601040000,"SHERMAN CSD"
62901040000,"WESTFIELD CSD"
70600010000,"ELMIRA CITY SD"
70600861078,"FINN ACADEMY: AN ELMIRA CS"
70901060000,"HORSEHEADS CSD"
70902060000,"ELMIRA HEIGHTS CSD"
80101040000,"AFTON CSD"
80201040000,"BAINBRIDGE-GUILFORD CSD"
80601040000,"GREENE CSD"
81003040000,"UNADILLA VALLEY CSD"
81200050000,"NORWICH CITY SD"
81401040000,"GEORGETOWN-SOUTH OTSELIC CSD"
81501040000,"OXFORD ACADEMY & CSD"
82001040000,"SHERBURNE-EARLVILLE CSD"
90201040000,"AUSABLE VALLEY CSD"
90301060000,"BEEKMANTOWN CSD"
90501040000,"NORTHEASTERN CLINTON CSD"
90601020000,"CHAZY UFSD"
90901040000,"NORTHERN ADIRONDACK CSD"
91101060000,"PERU CSD"
91200010000,"PLATTSBURGH CITY SD"
91402060000,"SARANAC CSD"
9.9e+10,"CLINTON-ESSEX-WARREN-WASHING BOCES"
100501040000,"TACONIC HILLS CSD"
100902040000,"GERMANTOWN CSD"
101001040000,"CHATHAM CSD"
101300010000,"HUDSON CITY SD"
101401040000,"KINDERHOOK CSD"
101601040000,"NEW LEBANON CSD"
110101040000,"CINCINNATUS CSD"
110200010000,"CORTLAND CITY SD"
110304040000,"MCGRAW CSD"
110701060000,"HOMER CSD"
110701861172,"TRUXTON ACADEMY CHARTER SCHOOL"
110901040000,"MARATHON CSD"
120102040000,"ANDES CSD"
120301040000,"DOWNSVILLE CSD"
1.20401e+11,"CHARLOTTE VALLEY CSD"
120401040000,"CHARLOTTE VALLEY CSD"
120501040000,"DELAWARE ACADEMY CSD AT DELHI"
120701040000,"FRANKLIN CSD"
120906040000,"HANCOCK CSD"
121401040000,"MARGARETVILLE CSD"
121502040000,"ROXBURY CSD"
121601060000,"SIDNEY CSD"
121701040000,"STAMFORD CSD"
121702040000,"SOUTH KORTRIGHT CSD"
121901040000,"WALTON CSD"
1.29e+11,"DELAW-CHENANGO-MADISON-OTSEGO BOCES"
130200010000,"BEACON CITY SD"
130502020000,"DOVER UFSD"
130801060000,"HYDE PARK CSD"
131101040000,"NORTHEAST CSD"
131201040000,"PAWLING CSD"
131301040000,"PINE PLAINS CSD"
131500010000,"POUGHKEEPSIE CITY SD"
131601060000,"ARLINGTON CSD"
131602020000,"SPACKENKILL UFSD"
131701060000,"RED HOOK CSD"
131801040000,"RHINEBECK CSD"
132101060000,"WAPPINGERS CSD"
132201040000,"MILLBROOK CSD"
1.39e+11,"DUTCHESS BOCES"
140101060000,"ALDEN CSD"
140201060000,"AMHERST CSD"
140203060000,"WILLIAMSVILLE CSD"
140207060000,"SWEET HOME CSD"
140301030000,"EAST AURORA UFSD"
140600010000,"BUFFALO CITY SD"
140600860814,"KING CENTER CHARTER SCHOOL"
140600860817,"SOUTH BUFFALO CHARTER SCHOOL"
140600860838,"TAPESTRY CHARTER SCHOOL"
140600860851,"BUFFALO UNITED CHARTER SCHOOL"
140600860856,"ENTERPRISE CHARTER SCHOOL"
140600860861,"BUFFALO ACADEMY OF SCIENCE CS"
140600860863,"WESTERN NY MARITIME CHARTER SCHOOL"
140600860874,"WESTMINSTER COMMUNITY CS"
140600860896,"ELMWOOD VILLAGE CS DAYS PARK"
140600860961,"HEALTH SCIENCES CHARTER SCHOOL"
140600860986,"WEST BUFFALO CHARTER SCHOOL"
140600861072,"CHARTER SCHOOL OF INQUIRY"
140600861105,"ELMWOOD VILLAGE CS HERTEL"
140600861109,"REACH ACADEMY CHARTER SCHOOL"
140600861129,"BUFFALO COLLEGIATE CHARTER SCHOOL"
140600861134,"PERSISTENCE PREP ACADEMY CS"
140600861183,"BUFFALO CREEK ACADEMY CS"
140600861185,"BUFFALO ACADEMY OF SCIENCE CS II"
140701060000,"CHEEKTOWAGA CSD"
140702030000,"CHEEKTOWAGA-MARYVALE UFSD"
140703020000,"CLEVELAND HILL UFSD"
140707030000,"DEPEW UFSD"
140709030000,"CHEEKTOWAGA-SLOAN UFSD"
140801060000,"CLARENCE CSD"
141101060000,"SPRINGVILLE-GRIFFITH INST CSD"
141201060000,"EDEN CSD"
141301060000,"IROQUOIS CSD"
141401060000,"EVANS-BRANT CSD (LAKE SHORE)"
141501060000,"GRAND ISLAND CSD"
141601060000,"HAMBURG CSD"
141604060000,"FRONTIER CSD"
141701040000,"HOLLAND CSD"
141800010000,"LACKAWANNA CITY SD"
141800860044,"GLOBAL CONCEPTS CHARTER SCHOOL"
141901060000,"LANCASTER CSD"
142101040000,"AKRON CSD"
142201040000,"NORTH COLLINS CSD"
142301060000,"ORCHARD PARK CSD"
142500010000,"TONAWANDA CITY SD"
142601030000,"KENMORE-TONAWANDA UFSD"
142601860031,"CHARTER SCHOOL-APPLIED TECHNOLOGIES"
142801060000,"WEST SENECA CSD"
1.491e+11,"ERIE 1 BOCES"
1.492e+11,"ERIE 2-CHAUTAUQUA-CATTARAUGUS BOCES"
150203040000,"CROWN POINT CSD"
150601040000,"KEENE CSD"
150801040000,"MINERVA CSD"
150901040000,"MORIAH CSD"
151001040000,"NEWCOMB CSD"
151102040000,"LAKE PLACID CSD"
151401040000,"SCHROON LAKE CSD"
151501060000,"TICONDEROGA CSD"
151701040000,"WILLSBORO CSD"
151801040000,"BOQUET VALLEY CSD"
160101060000,"TUPPER LAKE CSD"
160801040000,"CHATEAUGAY CSD"
161201040000,"SALMON RIVER CSD"
161401060000,"SARANAC LAKE CSD"
161501060000,"MALONE CSD"
161601040000,"BRUSHTON-MOIRA CSD"
161801040000,"ST REGIS FALLS CSD"
1.69e+11,"FRANKLIN-ESSEX-HAMILTON BOCES"
170301020000,"WHEELERVILLE UFSD"
170500010000,"GLOVERSVILLE CITY SD"
170600010000,"JOHNSTOWN CITY SD"
170801040000,"MAYFIELD CSD"
170901040000,"NORTHVILLE CSD"
171102040000,"BROADALBIN-PERTH CSD"
180202040000,"ALEXANDER CSD"
180300010000,"BATAVIA CITY SD"
180300877197,"NEW YORK STATE SCHOOL FOR THE BLIND"
180701040000,"BYRON-BERGEN CSD"
180901040000,"ELBA CSD"
181001060000,"LE ROY CSD"
181101040000,"OAKFIELD-ALABAMA CSD"
181201040000,"PAVILION CSD"
181302040000,"PEMBROKE CSD"
190301040000,"CAIRO-DURHAM CSD"
190401060000,"CATSKILL CSD"
190501040000,"COXSACKIE-ATHENS CSD"
190701040000,"GREENVILLE CSD"
190901040000,"HUNTER-TANNERSVILLE CSD"
191401040000,"WINDHAM-ASHLAND-JEWETT CSD"
1.99e+11,"OTSEGO-DELAW-SCHOHARIE-GREENE BOCES"
200401040000,"INDIAN LAKE CSD"
200501080000,"INLET COMN SD"
200601040000,"LAKE PLEASANT CSD"
200701040000,"LONG LAKE CSD"
200901040000,"WELLS CSD"
2.09e+11,"HAMILTON-FULTON-MONTGOMERY BOCES"
210302040000,"WEST CANADA VALLEY CSD"
210402060000,"FRANKFORT-SCHUYLER CSD"
210601060000,"HERKIMER CSD"
210800050000,"LITTLE FALLS CITY SD"
211003040000,"DOLGEVILLE CSD"
211103040000,"POLAND CSD"
211701040000,"VAN HORNESVILLE-OWEN D YOUNG CSD"
211901020000,"TOWN OF WEBB UFSD"
212001040000,"MOUNT MARKHAM CSD"
212101040000,"CENTRAL VALLEY CSD AT ILION-MOHAWK"
2.19e+11,"HERK-FULTON-HAMILTON-OTSEGO BOCES"
220101040000,"SOUTH JEFFERSON CSD"
220202040000,"ALEXANDRIA CSD"
220301060000,"INDIAN RIVER CSD"
220401040000,"GENERAL BROWN CSD"
220701040000,"THOUSAND ISLANDS CSD"
220909040000,"BELLEVILLE-HENDERSON CSD"
221001040000,"SACKETS HARBOR CSD"
221301040000,"LYME CSD"
221401040000,"LA FARGEVILLE CSD"
222000010000,"WATERTOWN CITY SD"
222201060000,"CARTHAGE CSD"
2.29e+11,"JEFFER-LEWIS-HAMIL-HERK-ONEIDA BOCES"
230201040000,"COPENHAGEN CSD"
230301040000,"HARRISVILLE CSD"
230901040000,"LOWVILLE ACADEMY & CSD"
231101040000,"SOUTH LEWIS CSD"
231301040000,"BEAVER RIVER CSD"
240101040000,"AVON CSD"
240201040000,"CALEDONIA-MUMFORD CSD"
240401040000,"GENESEO CSD"
240801060000,"LIVONIA CSD"
240901040000,"MT MORRIS CSD"
241001060000,"DANSVILLE CSD"
241101040000,"DALTON-NUNDA CSD (KESHEQUA)"
241701040000,"YORK CSD"
2.49e+11,"GENESEE VALLEY BOCES"
250109040000,"BROOKFIELD CSD"
250201060000,"CAZENOVIA CSD"
250301040000,"DERUYTER CSD"
250401040000,"MORRISVILLE-EATON CSD"
250701040000,"HAMILTON CSD"
250901060000,"CANASTOTA CSD"
251101040000,"MADISON CSD"
251400010000,"ONEIDA CITY SD"
251501040000,"STOCKBRIDGE VALLEY CSD"
251601060000,"CHITTENANGO CSD"
2.59e+11,"MADISON-ONEIDA BOCES"
260101060000,"BRIGHTON CSD"
260401060000,"GATES CHILI CSD"
260501060000,"GREECE CSD"
260501861002,"DISCOVERY CHARTER SCHOOL"
260501861020,"YOUNG WOMEN'S COLLEGE PREP CS"
260501861067,"RENAISSANCE ACADEMY CS-ARTS"
260801060000,"EAST IRONDEQUOIT CSD"
260803060000,"WEST IRONDEQUOIT CSD"
260901060000,"HONEOYE FALLS-LIMA CSD"
261001060000,"SPENCERPORT CSD"
261101060000,"HILTON CSD"
261201060000,"PENFIELD CSD"
261301060000,"FAIRPORT CSD"
261313030000,"EAST ROCHESTER UFSD"
261401060000,"PITTSFORD CSD"
261501060000,"CHURCHVILLE-CHILI CSD"
261600010000,"ROCHESTER CITY SD"
261600860705,"TRUE NORTH ROCHESTER  PREP-WEST CAMP"
261600860811,"EUGENIO MARIA DE HOSTOS CHARTER"
261600860826,"GENESEE COMMUNITY CS"
261600860877,"URBAN CHOICE CHARTER SCHOOL"
261600860906,"TRUE NORTH ROCHESTER PREP CS"
261600860910,"ROCHESTER ACADEMY CHARTER SCHOOL"
261600860985,"UNIVERSITY PREP CS-YOUNG MEN"
261600861049,"ROCHESTER PREP CHARTER SCHOOL 3"
261600861069,"VERTUS CHARTER SCHOOL"
261600861102,"EXPLORATION ELE CS - SCIENCE-TECHNOL"
261600861153,"ACADEMY OF HEALTH SCIENCES CS"
261701060000,"RUSH-HENRIETTA CSD"
261801060000,"BROCKPORT CSD"
261901060000,"WEBSTER CSD"
262001040000,"WHEATLAND-CHILI CSD"
2.691e+11,"MONROE 1 BOCES"
2.692e+11,"MONROE 2-ORLEANS BOCES"
270100010000,"AMSTERDAM CITY SD"
270301040000,"CANAJOHARIE CSD"
270601040000,"FONDA-FULTONVILLE CSD"
270701040000,"FORT PLAIN CSD"
271201040000,"OPPENHEIM-EPHRATAH-ST. JOHNSVILLE CS"
280100010000,"GLEN COVE CITY SD"
280201030000,"HEMPSTEAD UFSD"
280201860934,"ACADEMY CHARTER SCHOOL"
280201860947,"EVERGREEN CHARTER SCHOOL"
280202030000,"UNIONDALE UFSD"
280202861142,"ACADEMY CHARTER SCHOOL-UNIONDALE"
280203030000,"EAST MEADOW UFSD"
280204020000,"NORTH BELLMORE UFSD"
280205030000,"LEVITTOWN UFSD"
280206030000,"SEAFORD UFSD"
280207020000,"BELLMORE UFSD"
280208030000,"ROOSEVELT UFSD"
280208860024,"ROOSEVELT CHILDREN'S ACADEMY CS"
280209030000,"FREEPORT UFSD"
280210030000,"BALDWIN UFSD"
280211030000,"OCEANSIDE UFSD"
280212030000,"MALVERNE UFSD"
280213020000,"VALLEY STREAM 13 UFSD"
280214030000,"HEWLETT-WOODMERE UFSD"
280215030000,"LAWRENCE UFSD"
280216020000,"ELMONT UFSD"
280217020000,"FRANKLIN SQUARE UFSD"
280218030000,"GARDEN CITY UFSD"
280219030000,"EAST ROCKAWAY UFSD"
280220030000,"LYNBROOK UFSD"
280221030000,"ROCKVILLE CENTRE UFSD"
280222020000,"FLORAL PARK-BELLEROSE UFSD"
280223030000,"WANTAGH UFSD"
280224020000,"VALLEY STREAM 24 UFSD"
280225020000,"MERRICK UFSD"
280226030000,"ISLAND TREES UFSD"
280227030000,"WEST HEMPSTEAD UFSD"
280229020000,"NORTH MERRICK UFSD"
280230020000,"VALLEY STREAM 30 UFSD"
280231020000,"ISLAND PARK UFSD"
280251070000,"VALLEY STREAM CENTRAL HS DISTRICT"
280252070000,"SEWANHAKA CENTRAL HS DISTRICT"
280253070000,"BELLMORE-MERRICK CENTRAL HS DISTRICT"
280300010000,"LONG BEACH CITY SD"
280401030000,"WESTBURY UFSD"
280402030000,"EAST WILLISTON UFSD"
280403030000,"ROSLYN UFSD"
280404030000,"PORT WASHINGTON UFSD"
280405020000,"NEW HYDE PARK-GARDEN CITY PARK UFSD"
280406030000,"MANHASSET UFSD"
280407030000,"GREAT NECK UFSD"
280409030000,"HERRICKS UFSD"
280410030000,"MINEOLA UFSD"
280411030000,"CARLE PLACE UFSD"
280501060000,"NORTH SHORE CSD"
280502060000,"SYOSSET CSD"
280503060000,"LOCUST VALLEY CSD"
280504060000,"PLAINVIEW-OLD BETHPAGE CSD"
280506060000,"OYSTER BAY-EAST NORWICH CSD"
280515030000,"JERICHO UFSD"
280517030000,"HICKSVILLE UFSD"
280518030000,"PLAINEDGE UFSD"
280521030000,"BETHPAGE UFSD"
280522030000,"FARMINGDALE UFSD"
280523030000,"MASSAPEQUA UFSD"
2.89e+11,"NASSAU BOCES"
307500010000,"NYC SPEC SCHOOLS - DIST 75"
310100010000,"NYC GEOG DIST # 1 - MANHATTAN"
310100860866,"GIRLS PREP CHARTER SCHOOL"
310100860873,"MANHATTAN CHARTER SCHOOL"
310100861031,"MANHATTAN CHARTER SCHOOL II"
310100861055,"GREAT OAKS CHARTER SCHOOL"
310200010000,"NYC GEOG DIST # 2 - MANHATTAN"
310200860819,"JOHN V LINDSAY WILDCAT ACADEMY CS"
310200860992,"BROOME ST ACADEMY CHARTER HS"
310200861042,"SUCCESS ACAD CS-UNION SQUARE"
310200861043,"SUCCESS ACAD CS-HELL'S KITCHEN"
310200861087,"SUCCESS ACADEMY CS-HUDSON YARDS"
310300010000,"NYC GEOG DIST # 3 - MANHATTAN"
310300860804,"SISULU-WALKER CHARTER SCHOOL"
310300860871,"OPPORTUNITY CHARTER SCHOOL"
310300860881,"FUTURE LEADERS INSTITUTE CS"
310300860897,"SUCCESS ACADEMY CHARTER-HARLEM 1"
310300860923,"SUCCESS ACADEMY CS-HARLEM 4"
310300861008,"SUCCESS ACADEMY CS-UPPER WEST"
310300861034,"HARLEM HEBREW LANGUAGE ACADEMY"
310400010000,"NYC GEOG DIST # 4 - MANHATTAN"
310400860806,"AMBER CHARTER SCHOOL EAST HARLEM"
310400860840,"HARLEM PREP CHARTER SCHOOL"
310400860849,"HARLEM VILLAGE ACADEMY EAST CS"
310400860919,"DREAM CHARTER SCHOOL"
310400860922,"SUCCESS ACADEMY CS - HARLEM 3"
310400860968,"INNOVATION CHARTER HIGH SCHOOL"
310400860995,"EAST HARLEM SCHOLARS ACADEMY CS"
310400861046,"EAST HARLEM SCHOLARS ACADEMY CS II"
310400861061,"NYC AUTISM CHARTER-EAST HARLEM"
310400861081,"CAPITAL PREP (CP) HARLEM CS"
310500010000,"NYC GEOG DIST # 5 - MANHATTAN"
310500860848,"HARLEM VILLAGE ACADEMY WEST CS"
310500860858,"KIPP STAR COLLEGE PREP CS"
310500860864,"HARLEM CHILDREN'S ZONE PROMISE"
310500860883,"KIPP INFINITY CHARTER SCHOOL"
310500860886,"HARLEM CHLDRN ZONE ACADEMY II"
310500860894,"DEMOCRACY PREP CHARTER SCHOOL"
310500860921,"SUCCESS ACADEMY CS-HARLEM 2"
310500860928,"ST HOPE LEADERSHIP ACADEMY CS"
310500860979,"SUCCESS ACADEMY CS-HARLEM 5"
310500860989,"DEMOCRACY PREP HARLEM CHARTER SCHOOL"
310500861001,"DEMOCRACY PREP ENDURANCE CS"
310500861012,"GLOBAL COMMUNITY CHARTER SCHOOL"
310500861088,"SUCCESS ACADEMYCS-HARLEM 6"
310500861149,"HARLEM VILLAGE ACADEMY WEST 2 CS"
310500861171,"STOREFRONT ACADEMY HARLEM CS"
310600010000,"NYC GEOG DIST # 6 - MANHATTAN"
310600860887,"NEW HEIGHTS ACADEMY CHARTER SCHOOL"
310600860929,"EQUITY PROJECT CHARTER SCHOOL"
310600860966,"INWOOD ACAD FOR LEADERSHIP CS"
310600861013,"KIPP NYC WASHINGTON HEIGHTS ACADEMY"
310600861073,"SUCCESS ACADEMY CS - WASHINGTON HGTS"
310600861101,"SCHOOL IN THE SQUARE PUBLIC CS"
310600861111,"WHIN MUSIC COMMUNITY CS"
320700010000,"NYC GEOG DIST # 7 - BRONX"
320700860820,"KIPP ACADEMY CHARTER SCHOOL"
320700860852,"BRONX CHARTER SCHOOL FOR CHILDREN"
320700860889,"SOUTH BRONX CHARTER SCHOOL"
320700860915,"BGLIG-SHIRLEY RODRIGUEZ-REMENESKI CS"
320700860920,"UNIVERSITY PREP CHARTER HIGH SCHOOL"
320700860925,"MOTT HAVEN ACADEMY CHARTER SCHOOL"
320700860926,"NYC CHARTER HS - AECI"
320700860957,"ACADEMIC LEADERSHIP CHARTER SCHOOL"
320700860981,"SUCCESS ACADEMY CHARTER-BRONX 1"
320700860994,"BOYS PREP CHARTER SCHOOL OF NY"
320700861014,"BRILLA COLLEGE PREP CS"
320700861028,"FAMILY LIFE ACADEMY CS II"
320700861035,"SOUTH BRONX CLASSICAL CS II"
320700861062,"AMERICAN DREAM CHARTER SCHOOL"
320700861070,"FAMILY LIFE ACADEMY CS III"
320700861080,"STOREFRONT ACADEMY CS"
320700861106,"BRILLA VERITAS CHARTER SCHOOL"
320700861114,"LEGACY COLLEGE PREPARATORY CS"
320700861135,"KIPP FREEDOM CHARTER SCHOOL"
320700861139,"URBAN DOVE TEAM CHARTER SCHOOL II"
320700861145,"CREO COLLEGE PREP CHARTER SCHOOL"
320700861167,"DREAM CHARTER SCHOOL MOTT HAVEN"
320700861173,"UNIVERSITY PREP CHARTER MS"
320700861179,"GIRLS PREP CS - BRONX II"
320800010000,"NYC GEOG DIST # 8 - BRONX"
320800860846,"BRONX CHARTER SCHOOL FOR THE ARTS"
320800860872,"GRAND CONCOURSE ACADEMY CS"
320800860903,"HYDE LEADERSHIP CHARTER SCHOOL"
320800860940,"GIRLS PREP CHARTER SCHOOL-BRONX"
320800861017,"NEW VISIONS CHTR HS-ADV MA/SCI II"
320800861030,"ICAHN CHARTER SCHOOL 7"
320800861044,"SUCCESS ACADEMY CS-BRONX 3"
320800861068,"SOUTH BRONX EARLY COLLEGE ACADEMY CS"
320800861074,"SUCCESS ACADEMY CS - BRONX 4"
320800861126,"EMBLAZE ACADEMY CHARTER SCHOOL"
320800861143,"BOLD CHARTER SCHOOL"
320800861155,"BRONX ARTS AND SCIENCE CS"
320900010000,"NYC GEOG DIST # 9 - BRONX"
320900860807,"BRONX PREP CHARTER SCHOOL"
320900860823,"HARRIET TUBMAN CHARTER SCHOOL"
320900860839,"FAMILY LIFE ACADEMY CHARTER"
320900860913,"BRONX ACADEMY OF PROMISE CS"
320900860962,"NUASIN NEXT GENERATION CS"
320900860980,"SUCCESS ACADEMY CHARTER-BRONX 2"
320900861004,"MOTT HALL CHARTER SCHOOL"
320900861029,"ICAHN CHARTER SCHOOL 6"
320900861073,"ROSALYN YALOW CHARTER SCHOOL"
320900861084,"SOUTH BRONX CLASSICAL CS III"
320900861174,"WILDFLOWER NEW YORK CS"
321000010000,"NYC GEOG DIST #10 - BRONX"
321000860704,"NEW VISIONS CHARTER HS-HUMANITIES"
321000860904,"INTERNATIONAL LEADERSHIP CHARTER HS"
321000860914,"BRONX COMMUNITY CHARTER SCHOOL"
321000860999,"NEW VISIONS CHARTER HS-ADV MATH/SCIE"
321000861064,"CHARTER HS-LAW AND SOCIAL JUSTICE"
321000861074,"AMBER CHARTER SCHOOL KINGSBRIDGE"
321000861075,"ATMOSPHERE ACADEMY PUBLIC CS"
321000861121,"BRONX CHARTER SCH FOR EXCELLENCE 5"
321000861150,"KIPP BRONX CHARTER SCHOOL II"
321000861151,"KIPP BRONX CHARTER SCHOOL III"
321000861160,"BRILLA CARITAS CHARTER SCHOOL"
321000861161,"BRILLA PAX CHARTER SCHOOL"
321100010000,"NYC GEOG DIST #11 - BRONX"
321100860855,"BRONX CS-BETTER LEARNING"
321100860859,"BRONX CS FOR EXCELLENCE"
321100860909,"ICAHN CHARTER SCHOOL 2"
321100860917,"ICAHN CHARTER SCHOOL 3"
321100860948,"ICAHN CHARTER SCHOOL 4"
321100860956,"EQUALITY CHARTER SCHOOL"
321100861076,"BRONX CS-BETTER LEARNING II"
321100861103,"BRONX CS FOR EXCELLENCE 2"
321100861115,"BRONX CHARTER-EXCELLENCE 3"
321100861120,"BRONX CHARTER-EXCELLENCE 4"
321100861163,"CAPITAL PREPARATORY BRONX CS"
321200010000,"NYC GEOG DIST #12 - BRONX"
321200860870,"PHAROS ACADEMY CHARTER SCHOOL"
321200860898,"SOUTH BRONX CLASSICAL CHARTER SCHOOL"
321200860965,"DR R IZQUIERDO HEALTH/SCIENCE CS"
321200861010,"NEW VISIONS AIM CHARTER HS II"
321200861026,"CHILDREN'S AID COLLEGE PREP CS"
321200861107,"URBAN ASSEMBLY CS - COMPUTER SCIENCE"
321200861108,"NYC AUTISM CHARTER SCHOOL BRONX"
331300010000,"NYC GEOG DIST #13 - BROOKLYN"
331300860810,"COMMUNITY PARTNERSHIP CS"
331300860893,"COMMUNITY ROOTS CHARTER SCHOOL"
331300860901,"LEADERSHIP PREP BEDFORD STUYVESANT"
331300860902,"ACHIEVEMENT FIRST ENDEAVOR CS"
331300860937,"BROOKLYN EAST COLLEGIATE CS"
331300861039,"SUCCESS ACAD CS-FORT GREENE"
331300861056,"UNITY PREP CS OF BROOKLYN"
331300861063,"BROOKLYN LABORATORY CHARTER SCHOOL"
331300861066,"COMPASS CHARTER SCHOOL"
331300861077,"BROOKLYN PROSPECTCS-CSD 13"
331300861079,"BROOKLYN PROSPECT CS - CSD 13.2"
331300861110,"EDMUND W GORDON BROOKLYN LABORATORY"
331400010000,"NYC GEOG DIST #14 - BROOKLYN"
331400860809,"BROOKLYN CHARTER SCHOOL"
331400860865,"WILLIAMSBURG CHARTER HIGH SCHOOL"
331400860885,"WILLIAMSBURG COLLEGIATE CS"
331400860945,"NORTHSIDE CHARTER HIGH SCHOOL"
331400861007,"SUCCESS ACADEMY CHARTER-BED STUY 1"
331400861021,"BEGINNING WITH CHILDREN CS II"
331400861022,"SUCCESS ACADEMY CS-BED STUY 2"
331400861024,"SUCCESS ACADEMY CS-WILLIAMSBURG"
331500010000,"NYC GEOG DIST #15 - BROOKLYN"
331500860878,"HELLENIC CLASSICAL CHARTER SCHOOL"
331500860927,"PAVE ACADEMY CHARTER SCHOOL"
331500860935,"BROOKLYN PROSPECT CHARTER-CSD 15"
331500860953,"SUMMIT ACADEMY CHARTER SCHOOL"
331500861011,"BROOKLYN URBAN GARDEN CHARTER SCHOOL"
331500861016,"NEW DAWN CHARTER HIGH SCHOOL"
331500861023,"SUCCESS ACADEMY CS-COBBLE HILL"
331500861156,"BROOKLYN RISE CHARTER SCHOOL"
331500861158,"LEEP DUAL LANGUAGE ACADEMY CS"
331500861162,"BROOKLYN PROSPECT CS -CSD 15.2"
331600010000,"NYC GEOG DIST #16 - BROOKLYN"
331600860847,"BROOKLYN EXCELSIOR CS"
331600860860,"EXCELLENCE BOYS CS-BEDFORD STUY"
331600860918,"BEDFORD STUY COLLEGIATE CS"
331600860938,"EXCELLENCE GIRLS CHARTER SCHOOL"
331600860971,"BEDFORD STUY NEW BEGINNINGS CHARTER"
331600860975,"EMBER CHARTER SCHOOL"
331600861003,"LAUNCH EXPEDITIONARY LEARNING CS"
331600861095,"SUCCESS ACADEMY CS-BED STUY 3"
331600861112,"BROOKLYN EMERGING LEADERS ACADEMY CS"
331700010000,"NYC GEOG DIST #17 - BROOKLYN"
331700860841,"EXPLORE CHARTER SCHOOL"
331700860879,"ACHIEVEMENT FIRST CROWN HEIGHTS"
331700860882,"KIPP AMP CHARTER SCHOOL"
331700860950,"EXPLORE EMPOWER CHARTER SCHOOL"
331700861007,"NEW VISIONS AIM CHARTER HS I"
331700861027,"EXPLORE EXCEED CHARTER SCHOOL"
331700861040,"SUCCESS ACAD CS-PROSPECT HEIGHTS"
331700861041,"SUCCESS ACAD CS-CROWN HEIGHTS"
331700861086,"ACHIEVEMENT FIRST VOYAGER CHARTER"
331700861094,"SUCCESS ACADEMY CS-FLATBUSH"
331700861164,"FLATBUSH ASCEND CS"
331700861165,"EAST FLATBUSH ASCEND CHARTER"
331800010000,"NYC GEOG DIST #18 - BROOKLYN"
331800860702,"EXPLORE EXCEL CHARTER SCHOOL"
331800860908,"KINGS COLLEGIATE CHARTER SCHOOL"
331800860916,"BROOKLYN ASCEND CHARTER SCHOOL"
331800860943,"LEADERSHIP PREP CANARSIE CS"
331800861033,"CANARSIE ASCEND CHARTER SCHOOL"
331800861057,"NEW AMERICAN ACADEMY CS"
331800861146,"IVY HILL PREP CHARTER SCHOOL"
331800861168,"LAMAD ACADEMY CHARTER SCHOOL"
331900010000,"NYC GEOG DIST #19 - BROOKLYN"
331900860880,"ACHIEVEMENT FIRST EAST NY CS"
331900860933,"ACHIEVEMENT FIRST APOLLO CS"
331900860958,"BROOKLYN SCHOLARS CHARTER SCHOOL"
331900860993,"ACHIEVEMENT FIRST ASPIRE CS"
331900861065,"COLLEGIATE ACADEMY-MATH-PERSONAL AWA"
331900861072,"ACHIEVEMENT FIRST LINDEN CHARTER SCH"
331900861131,"CYPRESS HILLS ASCEND CS"
331900861132,"EAST BROOKLYN ASCEND CS"
332000010000,"NYC GEOG DIST #20 - BROOKLYN"
332100010000,"NYC GEOG DIST #21 - BROOKLYN"
332100860949,"CONEY ISLAND PREP PUBLIC CS"
332100861075,"SUCCESS ACADEMY CS - BENSONHURST"
332100861123,"HEBREW LANGUAGE ACADEMY CS 2"
332200010000,"NYC GEOG DIST #22 - BROOKLYN"
332200860955,"HEBREW LANGUAGE ACADEMY CS"
332200860978,"BROOKLYN DREAMS CHARTER SCHOOL"
332200861006,"URBAN DOVE TEAM CHARTER SCHOOL"
332200861050,"CENTRAL BROOKLYN ASCEND CHARTER"
332200861051,"NEW VISIONS CHTR HS-HUMANITIES III"
332200861053,"NEW VISIONS CHTR HS-ADV MA/SCI III"
332200861076,"SUCCESS ACADEMY CS - BERGEN BEACH"
332300010000,"NYC GEOG DIST #23 - BROOKLYN"
332300860912,"ACHIEVEMENT FIRST BROWNSVILLE CS"
332300860936,"OCEAN HILL COLLEGIATE CS"
332300860939,"BROWNSVILLE COLLEGIATE CS"
332300860941,"LEADERSHIP PREP OCEAN HILL CS"
332300860942,"LEADERSHIP PREP BROWNSVILLE CS"
332300860954,"BROWNSVILLE ASCEND CHARTER SCHOOL"
332300861127,"KEY COLLEGIATE CHARTER SCHOOL"
333200010000,"NYC GEOG DIST #32 - BROOKLYN"
333200860906,"ACHIEVEMENT FIRST BUSHWICK CS"
333200860987,"BUSHWICK ASCEND CHARTER SCHOOL"
333200861045,"ACHIEVEMENT FIRST NORTH BROOKLYN PRE"
333200861059,"MATH, ENG, SCI ACADEMY CHARTER HS"
333200861096,"SUCCESS ACADEMY CS-BUSHWICK"
342400010000,"NYC GEOG DIST #24 - QUEENS"
342400861025,"CENTRAL QUEENS ACADEMY CS"
342400861048,"MIDDLE VILLAGE PREP CHARTER SCHOOL"
342400861113,"FORTE PREPARATORY ACADEMY CS"
342400861128,"RENAISSANCE CHARTER SCHOOL 2"
342400861133,"ELM COMMUNITY CHARTER SCHOOL"
342500010000,"NYC GEOG DIST #25 - QUEENS"
342600010000,"NYC GEOG DIST #26 - QUEENS"
342700010000,"NYC GEOG DIST #27 - QUEENS"
342700860990,"CHALLENGE PREPARATORY CHARTER SCHOOL"
342700861052,"NEW VISIONS CHARTER HS-HUMANITIES IV"
342700861054,"NEW VISIONS CHTR HS-ADV MA/SCI IV"
342700861090,"SUCCESS ACADEMY CS-FAR ROCKAWAY"
342700861099,"SUCCESS ACADEMY CS-SOUTH JAMAICA"
342700861118,"OUR WORLD NEIGHBORHOOD CS 2"
342700861147,"NEW DAWN CHARTER HS II"
342800010000,"NYC GEOG DIST #28 - QUEENS"
342800860824,"GROWING UP GREEN CS II"
342800860969,"ROCHDALE EARLY ADVANTAGE CS"
342900010000,"NYC GEOG DIST #29 - QUEENS"
342900860974,"RIVERTON STREET CHARTER SCHOOL"
342900861077,"SUCCESS ACADEMY CS - ROSEDALE"
342900861078,"SUCCESS ACADEMY CS - SPRINGFIELD"
343000010000,"NYC GEOG DIST #30 - QUEENS"
343000860822,"RENAISSANCE CHARTER SCHOOL"
343000860836,"OUR WORLD NEIGHBORHOOD CHARTER"
343000860932,"VOICE CHARTER SCHOOL OF NEW YORK"
343000860952,"GROWING UP GREEN CHARTER SCHOOL"
353100010000,"NYC GEOG DIST #31 - STATEN ISLAND"
353100860959,"JOHN W LAVELLE PREP CHARTER SCHOOL"
353100860984,"NEW WORLD PREP CHARTER SCHOOL"
353100861083,"NEW VENTURES CHARTER SCHOOL"
353100861136,"LOIS AND RICHARD NICOTRA EARLY COLLE"
353100861144,"BRIDGE PREPARATORY CS"
353100861175,"HELLENIC CLASSICAL CS -STATEN ISLAND"
400301060000,"LEWISTON-PORTER CSD"
400400010000,"LOCKPORT CITY SD"
400601060000,"NEWFANE CSD"
400701060000,"NIAGARA-WHEATFIELD CSD"
400701860890,"NIAGARA CHARTER SCHOOL"
400800010000,"NIAGARA FALLS CITY SD"
400900010000,"NORTH TONAWANDA CITY SD"
401001060000,"STARPOINT CSD"
401201060000,"ROYALTON-HARTLAND CSD"
401301040000,"BARKER CSD"
401501060000,"WILSON CSD"
410401060000,"ADIRONDACK CSD"
410601040000,"CAMDEN CSD"
411101060000,"CLINTON CSD"
411501060000,"NEW HARTFORD CSD"
411504020000,"NY MILLS UFSD"
411603040000,"SAUQUOIT VALLEY CSD"
411701040000,"REMSEN CSD"
411800010000,"ROME CITY SD"
411800877482,"NEW YORK STATE SCHOOL FOR THE DEAF"
411902040000,"WATERVILLE CSD"
412000050000,"SHERRILL CITY SD"
412201060000,"HOLLAND PATENT CSD"
412300010000,"UTICA CITY SD"
412300861058,"UTICA ACADEMY OF SCIENCE CS"
412801040000,"WESTMORELAND CSD"
412901040000,"ORISKANY CSD"
412902060000,"WHITESBORO CSD"
4.19e+11,"ONEIDA-HERKIMER-MADISON BOCES"
420101060000,"WEST GENESEE CSD"
420303060000,"NORTH SYRACUSE CSD"
420401060000,"EAST SYRACUSE MINOA CSD"
420411060000,"JAMESVILLE-DEWITT CSD"
420501060000,"JORDAN-ELBRIDGE CSD"
420601040000,"FABIUS-POMPEY CSD"
420701060000,"WESTHILL CSD"
420702030000,"SOLVAY UFSD"
420807040000,"LAFAYETTE CSD"
420901060000,"BALDWINSVILLE CSD"
421001060000,"FAYETTEVILLE-MANLIUS CSD"
421101060000,"MARCELLUS CSD"
421201040000,"ONONDAGA CSD"
421501060000,"LIVERPOOL CSD"
421504020000,"LYNCOURT UFSD"
421601060000,"SKANEATELES CSD"
421800010000,"SYRACUSE CITY SD"
421800860845,"SOUTHSIDE ACADEMY CHARTER SCHOOL"
421800860854,"SYRACUSE ACADEMY OF SCIENCE CS"
421800861124,"SYRACUSE ACADEMY OF SCI-CITIZENSHIP"
421800861125,"ONTECH CHARTER HIGH SCHOOL"
421902040000,"TULLY CSD"
4.29e+11,"ONONDAGA-CORTLAND-MADISON BOCES"
430300050000,"CANANDAIGUA CITY SD"
430501040000,"EAST BLOOMFIELD CSD"
430700010000,"GENEVA CITY SD"
430901060000,"GORHAM-MIDDLESEX CSD (MARCUS WHITMAN"
431101040000,"MANCHESTER-SHORTSVILLE CSD (RED JACK"
431201040000,"NAPLES CSD"
431301060000,"PHELPS-CLIFTON SPRINGS CSD"
431401040000,"HONEOYE CSD"
431701060000,"VICTOR CSD"
4.39e+11,"WAYNE-FINGER LAKES BOCES"
440102060000,"WASHINGTONVILLE CSD"
440201020000,"CHESTER UFSD"
440301060000,"CORNWALL CSD"
440401060000,"PINE BUSH CSD"
440601040000,"GOSHEN CSD"
440901040000,"HIGHLAND FALLS CSD"
441000010000,"MIDDLETOWN CITY SD"
441101040000,"MINISINK VALLEY CSD"
441201060000,"MONROE-WOODBURY CSD"
441202020000,"KIRYAS JOEL VILLAGE UFSD"
441301060000,"VALLEY CSD (MONTGOMERY)"
441600010000,"NEWBURGH CITY SD"
441800050000,"PORT JERVIS CITY SD"
441903020000,"TUXEDO UFSD"
442101060000,"WARWICK VALLEY CSD"
442111020000,"GREENWOOD LAKE UFSD"
442115020000,"FLORIDA UFSD"
4.49e+11,"ORANGE-ULSTER BOCES"
450101060000,"ALBION CSD"
450607040000,"KENDALL CSD"
450704040000,"HOLLEY CSD"
450801060000,"MEDINA CSD"
451001040000,"LYNDONVILLE CSD"
4.59e+11,"ORLEANS-NIAGARA BOCES"
460102040000,"ALTMAR-PARISH-WILLIAMSTOWN CSD"
460500010000,"FULTON CITY SD"
460701040000,"HANNIBAL CSD"
460801060000,"CENTRAL SQUARE CSD"
460901060000,"MEXICO CSD"
461300010000,"OSWEGO CITY SD"
461801040000,"PULASKI CSD"
461901040000,"SANDY CREEK CSD"
462001060000,"PHOENIX CSD"
4.69e+11,"OSWEGO BOCES"
470202040000,"GILBERTSVILLE-MOUNT UPTON CSD"
470501040000,"EDMESTON CSD"
470801040000,"LAURENS CSD"
470901040000,"SCHENEVUS CSD"
471101040000,"MILFORD CSD"
471201040000,"MORRIS CSD"
471400010000,"ONEONTA CITY SD"
471601040000,"OTEGO-UNADILLA CSD"
471701040000,"COOPERSTOWN CSD"
472001040000,"RICHFIELD SPRINGS CSD"
472202040000,"CHERRY VALLEY-SPRINGFIELD CSD"
472506040000,"WORCESTER CSD"
480101060000,"MAHOPAC CSD"
480102060000,"CARMEL CSD"
480401040000,"HALDANE CSD"
480404020000,"GARRISON UFSD"
480503040000,"PUTNAM VALLEY CSD"
480601060000,"BREWSTER CSD"
4.89e+11,"PUTNAM-NORTHERN WESTCHESTER BOCES"
490101040000,"BERLIN CSD"
490202040000,"BRUNSWICK CSD (BRITTONKILL)"
490301060000,"EAST GREENBUSH CSD"
490501060000,"HOOSICK FALLS CSD"
490601060000,"LANSINGBURGH CSD"
490801080000,"NORTH GREENBUSH COMN SD (WILLIAMS)"
490804020000,"WYNANTSKILL UFSD"
491200010000,"RENSSELAER CITY SD"
491302060000,"AVERILL PARK CSD"
491401040000,"HOOSIC VALLEY CSD"
491501040000,"SCHODACK CSD"
491700010000,"TROY CITY SD"
491700860931,"TRUE NORTH TROY PREP CHARTER SCHOOL"
4.99e+11,"QUESTAR III (R-C-G) BOCES"
500101060000,"CLARKSTOWN CSD"
500108030000,"NANUET UFSD"
500201060000,"HAVERSTRAW-STONY POINT CSD (NORTH RO"
500301060000,"SOUTH ORANGETOWN CSD"
500304030000,"NYACK UFSD"
500308030000,"PEARL RIVER UFSD"
500401060000,"SUFFERN CSD"
500402060000,"EAST RAMAPO CSD (SPRING VALLEY)"
5.09e+11,"ROCKLAND BOCES"
510101040000,"BRASHER FALLS CSD"
510201060000,"CANTON CSD"
510401040000,"CLIFTON-FINE CSD"
510501040000,"COLTON-PIERREPONT CSD"
511101060000,"GOUVERNEUR CSD"
511201040000,"HAMMOND CSD"
511301040000,"HERMON-DEKALB CSD"
511602040000,"LISBON CSD"
511901040000,"MADRID-WADDINGTON CSD"
512001060000,"MASSENA CSD"
512101040000,"MORRISTOWN CSD"
512201040000,"NORWOOD-NORFOLK CSD"
512300010000,"OGDENSBURG CITY SD"
512404040000,"HEUVELTON CSD"
512501040000,"PARISHVILLE-HOPKINTON CSD"
512902060000,"POTSDAM CSD"
513102040000,"EDWARDS-KNOX CSD"
5.19e+11,"ST LAWRENCE-LEWIS BOCES"
520101060000,"BURNT HILLS-BALLSTON LAKE CSD"
520302060000,"SHENENDEHOWA CSD"
520401040000,"CORINTH CSD"
520601080000,"EDINBURG COMMON SD"
520701040000,"GALWAY CSD"
521200050000,"MECHANICVILLE CITY SD"
521301060000,"BALLSTON SPA CSD"
521401040000,"SOUTH GLENS FALLS CSD"
521701040000,"SCHUYLERVILLE CSD"
521800010000,"SARATOGA SPRINGS CITY SD"
522001040000,"STILLWATER CSD"
522101030000,"WATERFORD-HALFMOON UFSD"
530101040000,"DUANESBURG CSD"
530202060000,"SCOTIA-GLENVILLE CSD"
530301060000,"NISKAYUNA CSD"
530501060000,"SCHALMONT CSD"
530515060000,"ROTTERDAM-MOHONASEN CSD"
530600010000,"SCHENECTADY CITY SD"
540801040000,"GILBOA-CONESVILLE CSD"
540901040000,"JEFFERSON CSD"
541001040000,"MIDDLEBURGH CSD"
541102060000,"COBLESKILL-RICHMONDVILLE CSD"
541201040000,"SCHOHARIE CSD"
541401040000,"SHARON SPRINGS CSD"
550101040000,"ODESSA-MONTOUR CSD"
550301060000,"WATKINS GLEN CSD"
5.59e+11,"GREATER SOUTHERN TIER BOCES"
560501040000,"SOUTH SENECA CSD"
560603040000,"ROMULUS CSD"
560701060000,"SENECA FALLS CSD"
561006060000,"WATERLOO CSD"
570101040000,"ADDISON CSD"
570201040000,"AVOCA CSD"
570302060000,"BATH CSD"
570401040000,"BRADFORD CSD"
570603040000,"CAMPBELL-SAVONA CSD"
571000010000,"CORNING CITY SD"
571502060000,"CANISTEO-GREENWOOD CSD"
571800010000,"HORNELL CITY SD"
571901040000,"ARKPORT CSD"
572301040000,"PRATTSBURGH CSD"
572702040000,"JASPER-TROUPSBURG CSD"
572901040000,"HAMMONDSPORT CSD"
573002040000,"WAYLAND-COHOCTON CSD"
580101030000,"BABYLON UFSD"
580102030000,"WEST BABYLON UFSD"
580103030000,"NORTH BABYLON UFSD"
580104030000,"LINDENHURST UFSD"
580105030000,"COPIAGUE UFSD"
580106030000,"AMITYVILLE UFSD"
580107030000,"DEER PARK UFSD"
580109020000,"WYANDANCH UFSD"
580201060000,"THREE VILLAGE CSD"
580203020000,"BROOKHAVEN-COMSEWOGUE UFSD"
580205060000,"SACHEM CSD"
580206020000,"PORT JEFFERSON UFSD"
580207020000,"MT SINAI UFSD"
580208020000,"MILLER PLACE UFSD"
580209020000,"ROCKY POINT UFSD"
580211060000,"MIDDLE COUNTRY CSD"
580212060000,"LONGWOOD CSD"
580224030000,"PATCHOGUE-MEDFORD UFSD"
580232030000,"WILLIAM FLOYD UFSD"
580233020000,"CENTER MORICHES UFSD"
580234020000,"EAST MORICHES UFSD"
580235060000,"SOUTH COUNTRY CSD"
580301020000,"EAST HAMPTON UFSD"
580302080000,"WAINSCOTT COMN SD"
580303020000,"AMAGANSETT UFSD"
580304020000,"SPRINGS UFSD"
580305020000,"SAG HARBOR UFSD"
580306020000,"MONTAUK UFSD"
580401020000,"ELWOOD UFSD"
580402060000,"COLD SPRING HARBOR CSD"
580403030000,"HUNTINGTON UFSD"
580404030000,"NORTHPORT-EAST NORTHPORT UFSD"
580405060000,"HALF HOLLOW HILLS CSD"
580406060000,"HARBORFIELDS CSD"
580410030000,"COMMACK UFSD"
580413030000,"SOUTH HUNTINGTON UFSD"
580501030000,"BAY SHORE UFSD"
580502020000,"ISLIP UFSD"
580503030000,"EAST ISLIP UFSD"
580504030000,"SAYVILLE UFSD"
580505020000,"BAYPORT-BLUE POINT UFSD"
580506030000,"HAUPPAUGE UFSD"
580507060000,"CONNETQUOT CSD"
580509030000,"WEST ISLIP UFSD"
580512030000,"BRENTWOOD UFSD"
580513030000,"CENTRAL ISLIP UFSD"
580514020000,"FIRE ISLAND UFSD"
580601040000,"SHOREHAM-WADING RIVER CSD"
580602040000,"RIVERHEAD CSD"
580602860032,"RIVERHEAD CHARTER SCHOOL"
580603020000,"LITTLE FLOWER UFSD"
580701020000,"SHELTER ISLAND UFSD"
580801060000,"SMITHTOWN CSD"
580805060000,"KINGS PARK CSD"
580901020000,"REMSENBURG-SPEONK UFSD"
580902020000,"WESTHAMPTON BEACH UFSD"
580903020000,"QUOGUE UFSD"
580905020000,"HAMPTON BAYS UFSD"
580906030000,"SOUTHAMPTON UFSD"
580909020000,"BRIDGEHAMPTON UFSD"
580910080000,"SAGAPONACK COMN SD"
580912060000,"EASTPORT-SOUTH MANOR CSD"
580913080000,"TUCKAHOE COMN SD"
580917020000,"EAST QUOGUE UFSD"
581002020000,"OYSTERPONDS UFSD"
581004020000,"FISHERS ISLAND UFSD"
581005020000,"SOUTHOLD UFSD"
581010020000,"GREENPORT UFSD"
581012020000,"MATTITUCK-CUTCHOGUE UFSD"
581015080000,"NEW SUFFOLK COMN SD"
5.891e+11,"EASTERN SUFFOLK BOCES"
5.893e+11,"WESTERN SUFFOLK BOCES"
590501060000,"FALLSBURG CSD"
590801040000,"ELDRED CSD"
590901060000,"LIBERTY CSD"
591201040000,"TRI-VALLEY CSD"
591301040000,"ROSCOE CSD"
591302040000,"LIVINGSTON MANOR CSD"
591401060000,"MONTICELLO CSD"
591502040000,"SULLIVAN WEST CSD"
5.99e+11,"SULLIVAN BOCES"
600101060000,"WAVERLY CSD"
600301040000,"CANDOR CSD"
600402040000,"NEWARK VALLEY CSD"
600601060000,"OWEGO-APALACHIN CSD"
600801040000,"SPENCER-VAN ETTEN CSD"
600903040000,"TIOGA CSD"
610301060000,"DRYDEN CSD"
610327020000,"GEORGE JUNIOR REPUBLIC UFSD"
610501040000,"GROTON CSD"
610600010000,"ITHACA CITY SD"
610600860944,"NEW ROOTS CHARTER SCHOOL"
610801040000,"LANSING CSD"
610901040000,"NEWFIELD CSD"
611001040000,"TRUMANSBURG CSD"
6.19e+11,"TOMPKINS-SENECA-TIOGA BOCES"
620600010000,"KINGSTON CITY SD"
620803040000,"HIGHLAND CSD"
620901060000,"RONDOUT VALLEY CSD"
621001060000,"MARLBORO CSD"
621101060000,"NEW PALTZ CSD"
621201060000,"ONTEORA CSD"
621601060000,"SAUGERTIES CSD"
621801060000,"WALLKILL CSD"
622002060000,"ELLENVILLE CSD"
6.29e+11,"ULSTER BOCES"
630101040000,"BOLTON CSD"
630202040000,"NORTH WARREN CSD"
630300010000,"GLENS FALLS CITY SD"
630601040000,"JOHNSBURG CSD"
630701040000,"LAKE GEORGE CSD"
630801040000,"HADLEY-LUZERNE CSD"
630902030000,"QUEENSBURY UFSD"
630918080000,"GLENS FALLS COMN SD"
631201040000,"WARRENSBURG CSD"
640101040000,"ARGYLE CSD"
640502040000,"FORT ANN CSD"
640601020000,"FORT EDWARD UFSD"
640701040000,"GRANVILLE CSD"
640801040000,"GREENWICH CSD"
641001040000,"HARTFORD CSD"
641301060000,"HUDSON FALLS CSD"
641401040000,"PUTNAM CSD"
641501040000,"SALEM CSD"
641610040000,"CAMBRIDGE CSD"
641701060000,"WHITEHALL CSD"
6.49e+11,"WASHING-SARA-WAR-HAMLTN-ESSEX BOCES"
650101060000,"NEWARK CSD"
650301040000,"CLYDE-SAVANNAH CSD"
650501040000,"LYONS CSD"
650701040000,"MARION CSD"
650801060000,"WAYNE CSD"
650901060000,"PALMYRA-MACEDON CSD"
650902040000,"GANANDA CSD"
651201060000,"SODUS CSD"
651402040000,"WILLIAMSON CSD"
651501060000,"NORTH ROSE-WOLCOTT CSD"
651503040000,"RED CREEK CSD"
660101030000,"KATONAH-LEWISBORO UFSD"
660102060000,"BEDFORD CSD"
660202030000,"CROTON-HARMON UFSD"
660203060000,"HENDRICK HUDSON CSD"
660301030000,"EASTCHESTER UFSD"
660302030000,"TUCKAHOE UFSD"
660303030000,"BRONXVILLE UFSD"
660401030000,"UFSD-TARRYTOWNS"
660402020000,"IRVINGTON UFSD"
660403030000,"DOBBS FERRY UFSD"
660404030000,"HASTINGS-ON-HUDSON UFSD"
660405030000,"ARDSLEY UFSD"
660406030000,"EDGEMONT UFSD"
660407060000,"GREENBURGH CSD"
660409020000,"ELMSFORD UFSD"
660410020000,"GREENBURGH-GRAHAM UFSD"
660411020000,"GREENBURGH ELEVEN UFSD"
660412020000,"GREENBURGH-NORTH CASTLE UFSD"
660501060000,"HARRISON CSD"
660701030000,"MAMARONECK UFSD"
660801060000,"MT PLEASANT CSD"
660802040000,"POCANTICO HILLS CSD"
660803020000,"HAWTHORNE-CEDAR KNOLLS UFSD"
660804020000,"MT PLEASANT-COTTAGE UFSD"
660805030000,"VALHALLA UFSD"
660806020000,"MT PLEASANT-BLYTHEDALE UFSD"
660809030000,"PLEASANTVILLE UFSD"
660900010000,"MT VERNON SCHOOL DISTRICT"
660900861000,"AMANI PUBLIC CHARTER SCHOOL"
661004060000,"CHAPPAQUA CSD"
661100010000,"NEW ROCHELLE CITY SD"
661201060000,"BYRAM HILLS CSD"
661301040000,"NORTH SALEM CSD"
661401030000,"OSSINING UFSD"
661402020000,"BRIARCLIFF MANOR UFSD"
661500010000,"PEEKSKILL CITY SD"
661601030000,"PELHAM UFSD"
661800010000,"RYE CITY SD"
661901030000,"RYE NECK UFSD"
661904030000,"PORT CHESTER-RYE UFSD"
661905020000,"BLIND BROOK-RYE UFSD"
662001030000,"SCARSDALE UFSD"
662101060000,"SOMERS CSD"
662200010000,"WHITE PLAINS CITY SD"
662300010000,"YONKERS CITY SD"
662300860862,"CHARTER SCH-EDUC EXCELLENCE"
662401060000,"LAKELAND CSD"
662402060000,"YORKTOWN CSD"
6.69e+11,"WESTCHESTER BOCES"
670201060000,"ATTICA CSD"
670401040000,"LETCHWORTH CSD"
671002040000,"WYOMING CSD"
671201060000,"PERRY CSD"
671501040000,"WARSAW CSD"
680601060000,"PENN YAN CSD"
680801040000,"DUNDEE CSD"
